algorithm,array_type,n,time_ms,char_cmp
std_quick,random,100,0.0084,834
std_merge,random,100,0.0121,674
str_quick,random,100,0.0114,605
str_merge,random,100,0.1395,519
msd_radix,random,100,0.0632,342
msd_radixQ,random,100,0.0269,279
std_quick,reversed,100,0.0049,954
std_merge,reversed,100,0.0063,501
str_quick,reversed,100,0.0080,637
str_merge,reversed,100,0.1115,381
msd_radix,reversed,100,0.1791,474
msd_radixQ,reversed,100,0.0317,667
std_quick,almost,100,0.0090,1608
std_merge,almost,100,0.0066,800
str_quick,almost,100,0.0083,728
str_merge,almost,100,0.0833,342
msd_radix,almost,100,0.0540,456
msd_radixQ,almost,100,0.0308,667
std_quick,random,200,0.0168,2015
std_merge,random,200,0.0167,1616
str_quick,random,200,0.0185,1379
str_merge,random,200,0.3558,1175
msd_radix,random,200,0.1757,796
msd_radixQ,random,200,0.1284,656
std_quick,reversed,200,0.0105,2087
std_merge,reversed,200,0.0119,1101
str_quick,reversed,200,0.0176,1532
str_merge,reversed,200,0.2589,778
msd_radix,reversed,200,0.1328,950
msd_radixQ,reversed,200,0.0747,1309
std_quick,almost,200,0.0178,3671
std_merge,almost,200,0.0121,1831
str_quick,almost,200,0.0177,1637
str_merge,almost,200,0.2432,697
msd_radix,almost,200,0.1376,936
msd_radixQ,almost,200,0.0635,1400
std_quick,random,300,0.0310,3460
std_merge,random,300,0.0482,2734
str_quick,random,300,0.0404,2190
str_merge,random,300,0.4848,1912
msd_radix,random,300,0.1750,1236
msd_radixQ,random,300,0.0864,1099
std_quick,reversed,300,0.0164,3676
std_merge,reversed,300,0.0195,1776
str_quick,reversed,300,0.0277,2580
str_merge,reversed,300,0.3729,1199
msd_radix,reversed,300,0.1794,1430
msd_radixQ,reversed,300,0.0867,2007
std_quick,almost,300,0.0302,5734
std_merge,almost,300,0.0207,2980
str_quick,almost,300,0.0274,2441
str_merge,almost,300,0.3755,1165
msd_radix,almost,300,0.1934,1432
msd_radixQ,almost,300,0.1068,2142
std_quick,random,400,0.0443,4915
std_merge,random,400,0.0617,3930
str_quick,random,400,0.0628,3019
str_merge,random,400,0.7260,2729
msd_radix,random,400,0.2493,1670
msd_radixQ,random,400,0.1125,1591
std_quick,reversed,400,0.0201,4620
std_merge,reversed,400,0.0248,2453
str_quick,reversed,400,0.0369,3560
str_merge,reversed,400,0.5195,1559
msd_radix,reversed,400,0.4356,1904
msd_radixQ,reversed,400,0.1471,2663
std_quick,almost,400,0.0345,6986
std_merge,almost,400,0.0396,4105
str_quick,almost,400,0.0587,3494
str_merge,almost,400,0.4613,1510
msd_radix,almost,400,0.2041,1896
msd_radixQ,almost,400,0.1169,2831
std_quick,random,500,0.0621,6524
std_merge,random,500,0.0691,5447
str_quick,random,500,0.0594,3966
str_merge,random,500,0.8136,3522
msd_radix,random,500,0.3523,2096
msd_radixQ,random,500,0.2304,2104
std_quick,reversed,500,0.0306,5607
std_merge,reversed,500,0.0437,3141
str_quick,reversed,500,0.0640,4470
str_merge,reversed,500,0.7985,1891
msd_radix,reversed,500,0.3182,2396
msd_radixQ,reversed,500,0.1421,3335
std_quick,almost,500,0.0608,10522
std_merge,almost,500,0.0354,5572
str_quick,almost,500,0.0604,4977
str_merge,almost,500,0.7008,1986
msd_radix,almost,500,0.2811,2346
msd_radixQ,almost,500,0.1639,3481
std_quick,random,600,0.0864,8949
std_merge,random,600,0.0861,6590
str_quick,random,600,0.0874,5155
str_merge,random,600,0.8749,4361
msd_radix,random,600,0.4378,2538
msd_radixQ,random,600,0.2477,2633
std_quick,reversed,600,0.0399,7887
std_merge,reversed,600,0.0712,3824
str_quick,reversed,600,0.0914,5768
str_merge,reversed,600,0.7891,2388
msd_radix,reversed,600,0.3639,2874
msd_radixQ,reversed,600,0.1711,4020
std_quick,almost,600,0.1464,12825
std_merge,almost,600,0.0864,6637
str_quick,almost,600,0.1055,5563
str_merge,almost,600,0.9331,2313
msd_radix,almost,600,0.3198,2804
msd_radixQ,almost,600,0.1766,4175
std_quick,random,700,0.1062,10284
std_merge,random,700,0.1047,7946
str_quick,random,700,0.1094,6022
str_merge,random,700,1.3661,5235
msd_radix,random,700,0.5766,2996
msd_radixQ,random,700,0.2402,3219
std_quick,reversed,700,0.0380,9026
std_merge,reversed,700,0.0429,4595
str_quick,reversed,700,0.0703,6756
str_merge,reversed,700,1.0011,2760
msd_radix,reversed,700,0.6945,3368
msd_radixQ,reversed,700,0.2371,4704
std_quick,almost,700,0.0754,14623
std_merge,almost,700,0.0514,7805
str_quick,almost,700,0.0709,6789
str_merge,almost,700,0.8994,2713
msd_radix,almost,700,0.4870,3290
msd_radixQ,almost,700,0.3052,4861
std_quick,random,800,0.1613,11620
std_merge,random,800,0.1327,9294
str_quick,random,800,0.1346,7055
str_merge,random,800,1.2827,6141
msd_radix,random,800,0.5448,3422
msd_radixQ,random,800,0.2849,3779
std_quick,reversed,800,0.0455,10106
std_merge,reversed,800,0.0544,5371
str_quick,reversed,800,0.0815,8006
str_merge,reversed,800,1.1229,3178
msd_radix,reversed,800,0.6822,3848
msd_radixQ,reversed,800,0.2697,5400
std_quick,almost,800,0.1049,16238
std_merge,almost,800,0.0625,9071
str_quick,almost,800,0.0820,7729
str_merge,almost,800,1.0089,3074
msd_radix,almost,800,0.4285,3788
msd_radixQ,almost,800,0.2827,5626
std_quick,random,900,0.1510,13680
std_merge,random,900,0.1932,11388
str_quick,random,900,0.1525,7908
str_merge,random,900,1.4681,7006
msd_radix,random,900,0.6779,3882
msd_radixQ,random,900,0.3080,4404
std_quick,reversed,900,0.0768,11189
std_merge,reversed,900,0.0635,6237
str_quick,reversed,900,0.0972,9209
str_merge,reversed,900,1.3693,3491
msd_radix,reversed,900,0.6738,4350
msd_radixQ,reversed,900,0.4107,6080
std_quick,almost,900,0.1180,17515
std_merge,almost,900,0.0939,11071
str_quick,almost,900,0.1169,9455
str_merge,almost,900,1.4492,3551
msd_radix,almost,900,0.6640,4258
msd_radixQ,almost,900,0.2790,6340
std_quick,random,1000,0.1621,16237
std_merge,random,1000,0.1798,12767
str_quick,random,1000,0.2085,9167
str_merge,random,1000,2.0193,7933
msd_radix,random,1000,0.6653,4330
msd_radixQ,random,1000,0.3383,5071
std_quick,reversed,1000,0.0722,12273
std_merge,reversed,1000,0.1243,6908
str_quick,reversed,1000,0.1543,10458
str_merge,reversed,1000,1.5046,3885
msd_radix,reversed,1000,1.0470,4830
msd_radixQ,reversed,1000,0.5190,6737
std_quick,almost,1000,0.1430,22204
std_merge,almost,1000,0.1439,12010
str_quick,almost,1000,0.1155,10551
str_merge,almost,1000,1.6149,4116
msd_radix,almost,1000,0.6007,4728
msd_radixQ,almost,1000,0.2970,7101
std_quick,random,1100,0.1783,18015
std_merge,random,1100,0.2089,14075
str_quick,random,1100,0.2301,10415
str_merge,random,1100,2.1310,8806
msd_radix,random,1100,1.0110,4792
msd_radixQ,random,1100,0.5832,5713
std_quick,reversed,1100,0.0759,15767
std_merge,reversed,1100,0.0829,7591
str_quick,reversed,1100,0.1220,12053
str_merge,reversed,1100,2.1390,4268
msd_radix,reversed,1100,0.8834,5316
msd_radixQ,reversed,1100,0.5722,7421
std_quick,almost,1100,0.1768,22314
std_merge,almost,1100,0.1010,13113
str_quick,almost,1100,0.1662,11664
str_merge,almost,1100,1.8030,4407
msd_radix,almost,1100,0.9457,5206
msd_radixQ,almost,1100,0.3933,7809
std_quick,random,1200,0.2001,20317
std_merge,random,1200,0.2309,15540
str_quick,random,1200,0.2118,11542
str_merge,random,1200,2.7741,9807
msd_radix,random,1200,1.1959,5286
msd_radixQ,random,1200,0.5041,6361
std_quick,reversed,1200,0.0743,17080
std_merge,reversed,1200,0.0799,8373
str_quick,reversed,1200,0.1310,13307
str_merge,reversed,1200,2.1377,4778
msd_radix,reversed,1200,0.8868,5792
msd_radixQ,reversed,1200,0.6033,8069
std_quick,almost,1200,0.1801,27757
std_merge,almost,1200,0.1007,14455
str_quick,almost,1200,0.1395,12390
str_merge,almost,1200,1.9949,4773
msd_radix,almost,1200,0.8391,5680
msd_radixQ,almost,1200,0.4323,8585
std_quick,random,1300,0.2601,21890
std_merge,random,1300,0.3397,16886
str_quick,random,1300,0.2204,13582
str_merge,random,1300,2.6118,10700
msd_radix,random,1300,1.0793,5784
msd_radixQ,random,1300,0.5598,7054
std_quick,reversed,1300,0.0981,18232
std_merge,reversed,1300,0.1474,9184
str_quick,reversed,1300,0.1548,14768
str_merge,reversed,1300,2.2999,5171
msd_radix,reversed,1300,0.9737,6286
msd_radixQ,reversed,1300,0.5235,8727
std_quick,almost,1300,0.1844,31358
std_merge,almost,1300,0.1097,15545
str_quick,almost,1300,0.2423,13722
str_merge,almost,1300,2.2623,5370
msd_radix,almost,1300,1.0820,6184
msd_radixQ,almost,1300,0.4230,9284
std_quick,random,1400,0.2905,24760
std_merge,random,1400,0.3193,18616
str_quick,random,1400,0.3505,13285
str_merge,random,1400,2.8963,11694
msd_radix,random,1400,1.0656,6280
msd_radixQ,random,1400,0.7721,7741
std_quick,reversed,1400,0.0785,19405
std_merge,reversed,1400,0.1598,9959
str_quick,reversed,1400,0.1888,16233
str_merge,reversed,1400,2.3554,5537
msd_radix,reversed,1400,1.1301,6770
msd_radixQ,reversed,1400,0.4785,9401
std_quick,almost,1400,0.1841,33238
std_merge,almost,1400,0.1007,17158
str_quick,almost,1400,0.2106,15379
str_merge,almost,1400,2.1505,5675
msd_radix,almost,1400,0.8664,6650
msd_radixQ,almost,1400,0.5216,9940
std_quick,random,1500,0.2561,27818
std_merge,random,1500,0.2927,20052
str_quick,random,1500,0.4227,14468
str_merge,random,1500,3.4153,12691
msd_radix,random,1500,0.9940,6758
msd_radixQ,random,1500,0.8512,8491
std_quick,reversed,1500,0.1149,20620
std_merge,reversed,1500,0.1260,10784
str_quick,reversed,1500,0.1929,17962
str_merge,reversed,1500,2.9330,5950
msd_radix,reversed,1500,1.2524,7232
msd_radixQ,reversed,1500,0.7609,10042
std_quick,almost,1500,0.2097,35746
std_merge,almost,1500,0.1328,18107
str_quick,almost,1500,0.1812,16737
str_merge,almost,1500,2.8189,6132
msd_radix,almost,1500,1.3020,7120
msd_radixQ,almost,1500,0.6082,10652
std_quick,random,1600,0.2838,28679
std_merge,random,1600,0.3147,21648
str_quick,random,1600,0.4685,16124
str_merge,random,1600,3.5916,13641
msd_radix,random,1600,1.0850,7272
msd_radixQ,random,1600,0.9783,9125
std_quick,reversed,1600,0.0859,21818
std_merge,reversed,1600,0.1151,11560
str_quick,reversed,1600,0.1930,19481
str_merge,reversed,1600,3.0636,6385
msd_radix,reversed,1600,1.5807,7720
msd_radixQ,reversed,1600,0.7181,10752
std_quick,almost,1600,0.2899,37150
std_merge,almost,1600,0.1661,19727
str_quick,almost,1600,0.2634,17475
str_merge,almost,1600,3.1246,6636
msd_radix,almost,1600,1.1150,7594
msd_radixQ,almost,1600,0.7070,11292
std_quick,random,1700,0.3281,30434
std_merge,random,1700,0.3366,23354
str_quick,random,1700,0.3261,16532
str_merge,random,1700,3.9654,14544
msd_radix,random,1700,1.2982,7762
msd_radixQ,random,1700,1.0602,9936
std_quick,reversed,1700,0.0931,23022
std_merge,reversed,1700,0.1193,12522
str_quick,reversed,1700,0.2094,21331
str_merge,reversed,1700,3.1413,6710
msd_radix,reversed,1700,1.7751,8202
msd_radixQ,reversed,1700,0.7758,11440
std_quick,almost,1700,0.3772,42928
std_merge,almost,1700,0.2276,21076
str_quick,almost,1700,0.2059,19320
str_merge,almost,1700,3.3360,7171
msd_radix,almost,1700,1.3292,8090
msd_radixQ,almost,1700,0.7730,11973
std_quick,random,1800,0.3419,33624
std_merge,random,1800,0.3696,26355
str_quick,random,1800,0.4412,17820
str_merge,random,1800,3.8806,15522
msd_radix,random,1800,1.5405,8234
msd_radixQ,random,1800,0.8476,10522
std_quick,reversed,1800,0.0951,24206
std_merge,reversed,1800,0.1320,13327
str_quick,reversed,1800,0.2856,22929
str_merge,reversed,1800,3.9375,7070
msd_radix,reversed,1800,1.9959,8690
msd_radixQ,reversed,1800,0.6693,12145
std_quick,almost,1800,0.2971,35866
std_merge,almost,1800,0.1952,23865
str_quick,almost,1800,0.2411,19003
str_merge,almost,1800,3.5751,7655
msd_radix,almost,1800,1.1809,8594
msd_radixQ,almost,1800,0.8705,12675
std_quick,random,1900,0.3525,35267
std_merge,random,1900,0.4553,28122
str_quick,random,1900,0.3567,18891
str_merge,random,1900,4.5754,16552
msd_radix,random,1900,1.7185,8742
msd_radixQ,random,1900,0.8204,11294
std_quick,reversed,1900,0.1013,25390
std_merge,reversed,1900,0.1341,13992
str_quick,reversed,1900,0.2398,24622
str_merge,reversed,1900,4.3559,7383
msd_radix,reversed,1900,1.6891,9162
msd_radixQ,reversed,1900,0.8983,12799
std_quick,almost,1900,0.2620,43916
std_merge,almost,1900,0.2268,24806
str_quick,almost,1900,0.3050,19942
str_merge,almost,1900,3.7539,8060
msd_radix,almost,1900,1.2117,9096
msd_radixQ,almost,1900,0.9632,13375
std_quick,random,2000,0.4510,39032
std_merge,random,2000,0.5150,29565
str_quick,random,2000,0.4883,20385
str_merge,random,2000,4.4880,17526
msd_radix,random,2000,1.6925,9228
msd_radixQ,random,2000,0.7350,12078
std_quick,reversed,2000,0.1873,26496
std_merge,reversed,2000,0.3186,14734
str_quick,reversed,2000,0.2637,26646
str_merge,reversed,2000,3.7428,7753
msd_radix,reversed,2000,1.9422,9636
msd_radixQ,reversed,2000,0.7795,13445
std_quick,almost,2000,0.3066,40487
std_merge,almost,2000,0.1704,26204
str_quick,almost,2000,0.2447,22158
str_merge,almost,2000,4.2330,8751
msd_radix,almost,2000,1.4268,9584
msd_radixQ,almost,2000,0.8436,14090
std_quick,random,2100,0.5143,39980
std_merge,random,2100,0.4366,31174
str_quick,random,2100,0.3989,21295
str_merge,random,2100,5.0340,18549
msd_radix,random,2100,2.0483,9730
msd_radixQ,random,2100,0.7149,12894
std_quick,reversed,2100,0.1348,29617
std_merge,reversed,2100,0.3098,15511
str_quick,reversed,2100,0.2759,28465
str_merge,reversed,2100,4.0381,7979
msd_radix,reversed,2100,2.1134,10130
msd_radixQ,reversed,2100,0.9501,14162
std_quick,almost,2100,0.2946,48034
std_merge,almost,2100,0.1763,27448
str_quick,almost,2100,0.2599,24101
str_merge,almost,2100,4.4581,9165
msd_radix,almost,2100,1.2066,10044
msd_radixQ,almost,2100,0.9522,14739
std_quick,random,2200,0.4492,43612
std_merge,random,2200,0.5409,32663
str_quick,random,2200,0.4640,22588
str_merge,random,2200,4.8939,19481
msd_radix,random,2200,1.7997,10262
msd_radixQ,random,2200,0.7548,13755
std_quick,reversed,2200,0.1861,33719
std_merge,reversed,2200,0.2860,16343
str_quick,reversed,2200,0.3414,30607
str_merge,reversed,2200,4.2409,8576
msd_radix,reversed,2200,1.8697,10620
msd_radixQ,reversed,2200,1.1686,14814
std_quick,almost,2200,0.2286,43417
std_merge,almost,2200,0.1821,28147
str_quick,almost,2200,0.2762,24791
str_merge,almost,2200,4.4652,9458
msd_radix,almost,2200,1.3824,10502
msd_radixQ,almost,2200,0.9296,15476
std_quick,random,2300,0.5642,43946
std_merge,random,2300,0.6476,34504
str_quick,random,2300,0.5378,23332
str_merge,random,2300,5.0954,20563
msd_radix,random,2300,1.6743,10822
msd_radixQ,random,2300,1.1787,14414
std_quick,reversed,2300,0.1360,35132
std_merge,reversed,2300,0.1664,17089
str_quick,reversed,2300,0.3133,32458
str_merge,reversed,2300,4.8723,9023
msd_radix,reversed,2300,2.1948,11096
msd_radixQ,reversed,2300,0.7725,15504
std_quick,almost,2300,0.4740,52360
std_merge,almost,2300,0.2042,29750
str_quick,almost,2300,0.2793,25840
str_merge,almost,2300,4.5797,9843
msd_radix,almost,2300,1.3889,10976
msd_radixQ,almost,2300,0.7120,16105
std_quick,random,2400,0.5546,47310
std_merge,random,2400,0.5016,36045
str_quick,random,2400,0.4725,25552
str_merge,random,2400,5.4092,21604
msd_radix,random,2400,2.0391,11334
msd_radixQ,random,2400,0.8823,15208
std_quick,reversed,2400,0.2370,36468
std_merge,reversed,2400,0.2865,17893
str_quick,reversed,2400,0.3767,34301
str_merge,reversed,2400,4.9443,9605
msd_radix,reversed,2400,2.2861,11580
msd_radixQ,reversed,2400,0.7121,16215
std_quick,almost,2400,0.3172,55275
std_merge,almost,2400,0.2808,31103
str_quick,almost,2400,0.4084,26165
str_merge,almost,2400,4.8359,10242
msd_radix,almost,2400,1.5818,11446
msd_radixQ,almost,2400,0.8765,16803
std_quick,random,2500,0.6619,49894
std_merge,random,2500,0.5467,37663
str_quick,random,2500,0.5584,26439
str_merge,random,2500,5.1633,22663
msd_radix,random,2500,1.9927,11840
msd_radixQ,random,2500,1.0733,15999
std_quick,reversed,2500,0.1557,37906
std_merge,reversed,2500,0.1803,18693
str_quick,reversed,2500,0.3575,36790
str_merge,reversed,2500,4.7361,10001
msd_radix,reversed,2500,2.4465,12060
msd_radixQ,reversed,2500,0.8155,16850
std_quick,almost,2500,0.2520,50732
std_merge,almost,2500,0.3459,32291
str_quick,almost,2500,0.3379,27883
str_merge,almost,2500,4.5939,10708
msd_radix,almost,2500,1.7170,11914
msd_radixQ,almost,2500,0.8102,17519
std_quick,random,2600,0.5811,52052
std_merge,random,2600,0.5372,39285
str_quick,random,2600,0.5118,28571
str_merge,random,2600,6.1262,23652
msd_radix,random,2600,1.9466,12364
msd_radixQ,random,2600,0.8726,16748
std_quick,reversed,2600,0.1516,39243
std_merge,reversed,2600,0.1876,19645
str_quick,reversed,2600,0.4106,39316
str_merge,reversed,2600,5.4554,10492
msd_radix,reversed,2600,1.9717,12556
msd_radixQ,reversed,2600,0.8647,17520
std_quick,almost,2600,0.4005,55940
std_merge,almost,2600,0.2209,33570
str_quick,almost,2600,0.3286,29805
str_merge,almost,2600,5.2573,11244
msd_radix,almost,2600,1.5281,12434
msd_radixQ,almost,2600,1.1363,18336
std_quick,random,2700,0.5342,54262
std_merge,random,2700,0.7415,41593
str_quick,random,2700,0.5885,28848
str_merge,random,2700,5.8684,24641
msd_radix,random,2700,2.2617,12902
msd_radixQ,random,2700,0.9450,17487
std_quick,reversed,2700,0.1612,40523
std_merge,reversed,2700,0.3341,20543
str_quick,reversed,2700,0.3991,41679
str_merge,reversed,2700,4.9385,10801
msd_radix,reversed,2700,1.9454,13030
msd_radixQ,reversed,2700,1.1167,18171
std_quick,almost,2700,0.3130,60528
std_merge,almost,2700,0.2253,35302
str_quick,almost,2700,0.4386,28919
str_merge,almost,2700,5.1317,11638
msd_radix,almost,2700,1.9696,12918
msd_radixQ,almost,2700,1.1366,19054
std_quick,random,2800,0.5585,55005
std_merge,random,2800,0.5904,43177
str_quick,random,2800,0.7524,30049
str_merge,random,2800,6.2760,25771
msd_radix,random,2800,1.9474,13458
msd_radixQ,random,2800,1.0784,18366
std_quick,reversed,2800,0.2423,41603
std_merge,reversed,2800,0.2258,21332
str_quick,reversed,2800,0.5556,43938
str_merge,reversed,2800,5.2724,11256
msd_radix,reversed,2800,2.0247,13508
msd_radixQ,reversed,2800,1.2147,18831
std_quick,almost,2800,0.3869,64670
std_merge,almost,2800,0.2378,36601
str_quick,almost,2800,0.4936,32547
str_merge,almost,2800,4.9485,12234
msd_radix,almost,2800,1.9465,13408
msd_radixQ,almost,2800,1.0365,19760
std_quick,random,2900,0.5763,59241
std_merge,random,2900,0.7452,44773
str_quick,random,2900,0.9116,32167
str_merge,random,2900,5.9515,26789
msd_radix,random,2900,2.3792,13978
msd_radixQ,random,2900,1.1611,19390
std_quick,reversed,2900,0.2704,42890
std_merge,reversed,2900,0.2846,22053
str_quick,reversed,2900,0.4549,46848
str_merge,reversed,2900,5.2582,11504
msd_radix,reversed,2900,2.5125,13982
msd_radixQ,reversed,2900,0.8618,19511
std_quick,almost,2900,0.6659,81142
std_merge,almost,2900,0.3698,38089
str_quick,almost,2900,0.3556,32258
str_merge,almost,2900,5.2860,12707
msd_radix,almost,2900,2.0574,13900
msd_radixQ,almost,2900,1.0658,20393
std_quick,random,3000,0.8072,62113
std_merge,random,3000,0.6252,46386
str_quick,random,3000,0.6800,32980
str_merge,random,3000,5.8117,27866
msd_radix,random,3000,2.3308,14518
msd_radixQ,random,3000,1.4088,20015
std_quick,reversed,3000,0.1722,44170
std_merge,reversed,3000,0.2134,22895
str_quick,reversed,3000,0.6131,48900
str_merge,reversed,3000,6.2090,11991
msd_radix,reversed,3000,2.0623,14450
msd_radixQ,reversed,3000,1.2303,20171
std_quick,almost,3000,0.2473,56700
std_merge,almost,3000,0.2438,38876
str_quick,almost,3000,0.5636,33687
str_merge,almost,3000,4.9018,13306
msd_radix,almost,3000,1.8419,14412
msd_radixQ,almost,3000,1.0549,21230
